data/m2b/radio/s27/m2bs27p7	1
data/m2b/labnews/t/radio/m2btrlp1	1
data/m2b/radio/s27/m2bs27p8	1
data/m2b/labnews/j/radio/m2bjrlp1	1
data/m2b/radio/s11/m2bs11p4	1
data/m2b/radio/s14/m2bs14p7	1
data/m2b/radio/s04/m2bs04pd	1
data/m2b/radio/s23/m2bs23p6	1
data/m2b/radio/s05/m2bs05p4	1
data/m2b/radio/s04/m2bs04pb	1
data/m2b/radio/s05/m2bs05p1	1
data/m2b/radio/s03/m2bs03p7	1
data/m2b/radio/s22/m2bs22p8	1
data/m2b/radio/s12/m2bs12p3	1
data/m2b/labnews/r/radio/m2brrlp6	1
data/m2b/radio/s28/m2bs28p4	1
data/m2b/radio/s20/m2bs20p5	1
data/m2b/labnews/p/radio/m2bprlp2	1
data/m2b/radio/s17/m2bs17p2	1
data/m2b/radio/s32/m2bs32p1	1
data/m2b/radio/s23/m2bs23pc	1
data/m2b/radio/s19/m2bs19p4	1
data/m2b/radio/s32/m2bs32p3	1
data/m2b/radio/s21/m2bs21p6	1
data/m2b/radio/s24/m2bs24p8	1
data/m2b/radio/s27/m2bs27p3	1
data/m2b/radio/s16/m2bs16p7	1
data/m2b/radio/s12/m2bs12p4	1
data/m2b/labnews/j/radio/m2bjrlp3	1
data/m2b/radio/s18/m2bs18p1	1
data/m2b/radio/s06/m2bs06p4	1
data/m2b/radio/s27/m2bs27p6	1
data/m2b/labnews/t/radio/m2btrlp4	1
data/m2b/radio/s22/m2bs22p7	1
data/m2b/radio/s20/m2bs20p9	1
data/m2b/radio/s04/m2bs04p3	1
data/m2b/radio/s04/m2bs04pc	1
data/m2b/radio/s08/m2bs08p1	1
data/m2b/radio/s19/m2bs19p5	1
data/m2b/radio/s11/m2bs11p9	1
data/m2b/radio/s35/m2bs35p1	1
data/m2b/radio/s31/m2bs31pd	1
data/m2b/radio/s31/m2bs31p6	1
data/m2b/labnews/t/radio/m2btrlp5	1
data/m2b/radio/s11/m2bs11p3	1
data/m2b/radio/s11/m2bs11pa	1
data/m2b/labnews/p/radio/m2bprlp4	1
data/m2b/labnews/j/radio/m2bjrlp6	1
data/m2b/radio/s27/m2bs27p5	1
data/m2b/radio/s23/m2bs23p5	1
data/m2b/radio/s16/m2bs16p3	1
data/m2b/labnews/t/radio/m2btrlp6	1
data/m2b/radio/s31/m2bs31p5	1
data/m2b/radio/s02/m2bs02p4	1
data/m2b/labnews/p/radio/m2bprlp3	1
data/m2b/radio/s11/m2bs11pc	1
data/m2b/radio/s03/m2bs03p4	1
data/m2b/radio/s08/m2bs08p9	1
data/m2b/radio/s11/m2bs11p2	1
data/m2b/radio/s24/m2bs24p7	1
data/m2b/radio/s23/m2bs23pa	1
data/m2b/labnews/r/radio/m2brrlp1	1
data/m2b/radio/s29/m2bs29p5	1
data/m2b/radio/s02/m2bs02p7	1
data/m2b/radio/s13/m2bs13p7	1
data/m2b/radio/s31/m2bs31p8	1
data/m2b/radio/s28/m2bs28p2	1
data/m2b/labnews/r/radio/m2brrlp7	1
data/m2b/radio/s15/m2bs15p6	1
data/m2b/radio/s04/m2bs04p7	1
data/m2b/radio/s23/m2bs23pb	1
data/m2b/labnews/t/radio/m2btrlp7	1
data/m2b/radio/s30/m2bs30p4	1
data/m2b/radio/s09/m2bs09p2	1
data/m2b/radio/s13/m2bs13p4	1
data/m2b/radio/s23/m2bs23p2	1
data/m2b/radio/s20/m2bs20p2	1
data/m2b/radio/s08/m2bs08p8	1
data/m2b/radio/s12/m2bs12p2	1
data/m2b/radio/s07/m2bs07p7	1
data/m2b/radio/s04/m2bs04pa	1
data/m2b/radio/s31/m2bs31p7	1
data/m2b/radio/s13/m2bs13p8	1
data/m2b/radio/s30/m2bs30p3	1
data/m2b/radio/s23/m2bs23p8	1
data/m2b/radio/s33/m2bs33p2	1
data/m2b/radio/s07/m2bs07p5	1
data/m2b/radio/s04/m2bs04p6	1
data/m2b/radio/s24/m2bs24p4	1
data/m2b/radio/s07/m2bs07p3	1
data/m2b/radio/s09/m2bs09p1	1
data/m2b/radio/s23/m2bs23pd	1
data/m2b/radio/s30/m2bs30p5	1
data/m2b/radio/s04/m2bs04p2	1
data/m2b/radio/s24/m2bs24p6	1
data/m2b/radio/s10/m2bs10p2	1
data/m2b/labnews/r/radio/m2brrlp3	1
data/m2b/radio/s08/m2bs08p4	1
data/m2b/radio/s06/m2bs06p2	1
data/m2b/radio/s32/m2bs32p8	1
data/m2b/radio/s10/m2bs10p6	1
data/m2b/radio/s05/m2bs05p3	1
data/m2b/radio/s18/m2bs18p2	1
data/m2b/labnews/r/radio/m2brrlp5	1
data/m2b/radio/s16/m2bs16p6	1
data/m2b/radio/s02/m2bs02p3	1
data/m2b/radio/s11/m2bs11p6	1
data/m2b/radio/s29/m2bs29p3	1
data/m2b/radio/s14/m2bs14p5	1
data/m2b/labnews/r/radio/m2brrlp2	1
data/m2b/radio/s29/m2bs29p2	1
data/m2b/radio/s25/m2bs25p6	1
data/m2b/radio/s20/m2bs20pb	1
data/m2b/radio/s19/m2bs19p3	1
data/m2b/radio/s28/m2bs28p5	1
data/m2b/radio/s09/m2bs09pf	1
data/m2b/radio/s04/m2bs04p4	1
data/m2b/radio/s08/m2bs08p3	1
data/m2b/radio/s29/m2bs29p7	1
data/m2b/radio/s33/m2bs33p4	1
data/m2b/radio/s17/m2bs17p3	1
data/m2b/radio/s11/m2bs11p5	1
data/m2b/radio/s04/m2bs04p9	1
data/m2b/radio/s05/m2bs05p2	1
data/m2b/radio/s16/m2bs16p2	1
data/m2b/radio/s27/m2bs27p9	1
data/m2b/radio/s09/m2bs09p3	1
data/m2b/radio/s29/m2bs29p6	1
data/m2b/labnews/j/radio/m2bjrlp4	1
data/m2b/radio/s28/m2bs28p7	1
data/m2b/radio/s22/m2bs22p1	1
data/m2b/radio/s01/m2bs01p7	1
data/m2b/radio/s29/m2bs29p1	1
data/m2b/radio/s10/m2bs10p5	1
data/m2b/radio/s31/m2bs31p9	1
data/m2b/labnews/t/radio/m2btrlp2	1
data/m2b/radio/s15/m2bs15p3	1
data/m2b/radio/s03/m2bs03p5	1
data/m2b/radio/s31/m2bs31p3	1
data/m2b/radio/s31/m2bs31p2	1
data/m2b/radio/s33/m2bs33p3	1
data/m2b/radio/s25/m2bs25pc	1
data/m2b/radio/s02/m2bs02p8	1
data/m2b/radio/s16/m2bs16p5	1
data/m2b/radio/s15/m2bs15p5	1
data/m2b/radio/s22/m2bs22p9	1
data/m2b/radio/s04/m2bs04p8	1
data/m2b/radio/s11/m2bs11pb	1
data/m2b/radio/s10/m2bs10p3	1
data/m2b/labnews/j/radio/m2bjrlp2	1
data/m2b/radio/s18/m2bs18pa	1
data/m2b/radio/s16/m2bs16p8	1
data/m2b/radio/s14/m2bs14p2	1
data/m2b/radio/s25/m2bs25p2	1
data/m2b/radio/s03/m2bs03p9	1
data/m2b/radio/s03/m2bs03p3	1
data/m2b/radio/s03/m2bs03p2	1
data/m2b/radio/s14/m2bs14p1	1
data/m2b/radio/s11/m2bs11p7	1
data/m2b/radio/s19/m2bs19p2	1
data/m2b/radio/s04/m2bs04p5	1
data/m2b/radio/s28/m2bs28p6	1
data/m2b/radio/s18/m2bs18p9	1
data/m2b/radio/s24/m2bs24p5	1
data/m2b/radio/s02/m2bs02p5	1
data/m2b/radio/s06/m2bs06p3	1
data/m2b/radio/s22/m2bs22p5	1
data/m2b/radio/s30/m2bs30p1	1
data/m2b/radio/s07/m2bs07p4	1
data/m2b/radio/s06/m2bs06p1	1
data/m2b/radio/s27/m2bs27p2	1
data/m2b/radio/s30/m2bs30p6	1
data/m2b/radio/s31/m2bs31p4	1
data/m2b/radio/s23/m2bs23p3	1
data/m2b/radio/s08/m2bs08p5	1
data/m2b/radio/s06/m2bs06p7	1
data/m2b/labnews/j/radio/m2bjrlp5	1
data/m2b/labnews/r/radio/m2brrlp4	1
data/m2b/radio/s23/m2bs23p9	1
data/m2b/radio/s23/m2bs23p7	1
data/m2b/radio/s11/m2bs11pd	1
data/m2b/radio/s24/m2bs24p2	1
data/m2b/radio/s25/m2bs25p1	1
data/m2b/radio/s29/m2bs29p8	1
data/m2b/radio/s08/m2bs08p2	1
data/m2b/radio/s28/m2bs28p3	1
data/m2b/radio/s19/m2bs19p1	1
data/m2b/labnews/p/radio/m2bprlp1	1
data/m2b/radio/s11/m2bs11p8	1
data/m2b/radio/s15/m2bs15p4	1
data/m2b/radio/s31/m2bs31p1	2
data/m2b/radio/s14/m2bs14p6	2
data/m2b/radio/s32/m2bs32p2	2
data/m2b/radio/s01/m2bs01p4	2
data/m2b/radio/s21/m2bs21p1	2
data/m2b/radio/s10/m2bs10p4	2
data/m2b/radio/s25/m2bs25pb	2
data/m2b/radio/s14/m2bs14p4	2
data/m2b/radio/s12/m2bs12p1	2
data/m2b/radio/s27/m2bs27p4	2
data/m2b/radio/s10/m2bs10p7	2
data/m2b/labnews/t/radio/m2btrlp3	2
data/m2b/radio/s07/m2bs07p2	2
data/m2b/radio/s24/m2bs24p1	2
data/m2b/radio/s11/m2bs11p1	2
data/m2b/radio/s23/m2bs23p4	2
data/m2b/radio/s15/m2bs15p2	2
data/m2b/radio/s02/m2bs02pa	2
data/m2b/radio/s02/m2bs02p6	2
data/m2b/radio/s24/m2bs24p3	2
data/m2b/radio/s22/m2bs22p6	2
data/m2b/radio/s03/m2bs03pa	2
data/m2b/radio/s28/m2bs28p1	2
data/m2b/radio/s01/m2bs01p3	3
data/m2b/radio/s13/m2bs13p3	3
data/m2b/radio/s30/m2bs30p2	3
data/m2b/radio/s35/m2bs35p4	3
data/m2b/radio/s10/m2bs10p1	3
data/m2b/radio/s06/m2bs06p6	3
data/m2b/radio/s03/m2bs03p6	3
data/m2b/radio/s20/m2bs20p3	3
data/m2b/radio/s16/m2bs16p1	3
data/m2b/radio/s08/m2bs08p7	3
data/m2b/radio/s20/m2bs20pa	3
data/m2b/radio/s29/m2bs29p4	3
data/m2b/radio/s03/m2bs03p1	3
data/m2b/radio/s02/m2bs02p9	3
data/m2b/radio/s24/m2bs24p9	3
data/m2b/radio/s15/m2bs15p1	3
data/m2b/radio/s20/m2bs20p8	3
data/m2b/radio/s21/m2bs21p5	3
data/m2b/radio/s01/m2bs01p9	3
data/m2b/radio/s03/m2bs03p8	3
data/m2b/radio/s01/m2bs01p8	3
data/m2b/radio/s06/m2bs06p5	3
data/m2b/radio/s27/m2bs27pa	3
data/m2b/radio/s13/m2bs13p6	3
data/m2b/radio/s08/m2bs08p6	3
data/f3a/radio/sx1/f3asx1p1	1
data/f3a/radio/sr9/f3asr9p1	1
data/f3a/radio/sl7/f3asl7p1	1
data/f3a/radio/sa5/f3asa5p1	1
data/f3a/radio/sl8/f3asl8p2	1
data/f3a/radio/ss4/f3ass4p1	1
data/f3a/radio/s76/f3as76p1	1
data/f3a/radio/sv2/f3asv2p1	1
data/f3a/radio/sc1/f3asc1p1	1
data/f3a/radio/ss0/f3ass0p1	1
data/f3a/radio/s57/f3as57p1	1
data/f3a/radio/s74/f3as74p1	1
data/f3a/radio/sb4/f3asb4p1	1
data/f3a/labnews/j/radio/f3ajrlp5	1
data/f3a/radio/sh4/f3ash4p1	1
data/f3a/radio/sh3/f3ash3p1	1
data/f3a/radio/st9/f3ast9p1	1
data/f3a/radio/sp9/f3asp9p1	1
data/f3a/labnews/r/radio/f3arrlp6	1
data/f3a/radio/s30/f3as30p1	1
data/f3a/radio/sc2/f3asc2p1	1
data/f3a/radio/si1/f3asi1p1	1
data/f3a/radio/sq7/f3asq7p1	1
data/f3a/radio/sm4/f3asm4p1	1
data/f3a/radio/s29/f3as29p2	1
data/f3a/radio/s89/f3as89p1	1
data/f3a/radio/sb6/f3asb6p1	1
data/f3a/radio/ss9/f3ass9p1	1
data/f3a/radio/s37/f3as37p1	1
data/f3a/radio/sr0/f3asr0p1	1
data/f3a/labnews/r/radio/f3arrlp1	1
data/f3a/radio/ss9/f3ass9p3	1
data/f3a/radio/sh5/f3ash5p1	1
data/f3a/radio/s13/f3as13p1	1
data/f3a/radio/su0/f3asu0p1	1
data/f3a/radio/sr1/f3asr1p1	1
data/f3a/radio/s49/f3as49p1	1
data/f3a/radio/sg8/f3asg8p1	1
data/f3a/labnews/j/radio/f3ajrlp2	1
data/f3a/radio/so6/f3aso6p1	1
data/f3a/radio/s21/f3as21p1	1
data/f3a/radio/sh9/f3ash9p1	1
data/f3a/labnews/j/radio/f3ajrlp4	1
data/f3a/radio/s48/f3as48p1	1
data/f3a/radio/s29/f3as29p1	1
data/f3a/radio/s91/f3as91p1	1
data/f3a/radio/s32/f3as32p1	1
data/f3a/radio/s82/f3as82p1	1
data/f3a/radio/sl6/f3asl6p1	1
data/f3a/radio/sw0/f3asw0p1	1
data/f3a/radio/sf2/f3asf2p1	1
data/f3a/radio/st0/f3ast0p1	1
data/f3a/radio/sx7/f3asx7p1	1
data/f3a/radio/sb0/f3asb0p1	1
data/f3a/radio/si4/f3asi4p1	1
data/f3a/radio/sr7/f3asr7p1	1
data/f3a/radio/sc6/f3asc6p1	1
data/f3a/radio/s07/f3as07p1	1
data/f3a/radio/s21/f3as21p2	1
data/f3a/radio/se0/f3ase0p1	1
data/f3a/radio/sv7/f3asv7p1	1
data/f3a/radio/s05/f3as05p1	1
data/f3a/radio/sg0/f3asg0p6	1
data/f3a/radio/sh6/f3ash6p1	1
data/f3a/radio/sx9/f3asx9p1	1
data/f3a/radio/sg3/f3asg3p1	1
data/f3a/radio/sx8/f3asx8p1	1
data/f3a/radio/si0/f3asi0p1	1
data/f3a/radio/sl3/f3asl3p1	1
data/f3a/radio/sf7/f3asf7p1	1
data/f3a/radio/se7/f3ase7p1	1
data/f3a/radio/sk8/f3ask8p1	1
data/f3a/radio/s66/f3as66p1	1
data/f3a/labnews/t/radio/f3atrlp2	1
data/f3a/radio/sp1/f3asp1p1	1
data/f3a/radio/s17/f3as17p1	1
data/f3a/radio/s53/f3as53p1	1
data/f3a/radio/s97/f3as97p1	1
data/f3a/radio/sk7/f3ask7p1	1
data/f3a/radio/s27/f3as27p1	1
data/f3a/radio/ss9/f3ass9p7	1
data/f3a/radio/sf1/f3asf1p1	1
data/f3a/radio/ss9/f3ass9p2	1
data/f3a/radio/sd8/f3asd8p1	1
data/f3a/radio/sn9/f3asn9p1	1
data/f3a/radio/st5/f3ast5p1	1
data/f3a/radio/sp4/f3asp4p1	1
data/f3a/radio/sw6/f3asw6p1	1
data/f3a/radio/sp8/f3asp8p1	1
data/f3a/radio/s50/f3as50p1	1
data/f3a/radio/sx5/f3asx5p1	1
data/f3a/radio/s61/f3as61p1	1
data/f3a/labnews/p/radio/f3aprlp1	1
data/f3a/radio/sq2/f3asq2p1	1
data/f3a/radio/s88/f3as88p1	1
data/f3a/radio/so9/f3aso9p1	1
data/f3a/radio/s86/f3as86p1	1
data/f3a/radio/sl0/f3asl0p1	1
data/f3a/radio/s77/f3as77p1	1
data/f3a/radio/se8/f3ase8p1	1
data/f3a/radio/sx4/f3asx4p1	1
data/f3a/labnews/r/radio/f3arrlp7	1
data/f3a/radio/s78/f3as78p1	1
data/f3a/radio/si9/f3asi9p1	1
data/f3a/radio/s33/f3as33p1	1
data/f3a/radio/sv6/f3asv6p1	1
data/f3a/radio/s42/f3as42p1	1
data/f3a/radio/sj8/f3asj8p1	1
data/f3a/radio/s16/f3as16p1	1
data/f3a/radio/s80/f3as80p1	1
data/f3a/radio/sf4/f3asf4p1	1
data/f3a/radio/se9/f3ase9p8	1
data/f3a/radio/sc9/f3asc9p1	1
data/f3a/radio/s54/f3as54p1	1
data/f3a/radio/sx0/f3asx0p1	1
data/f3a/labnews/p/radio/f3aprlp4	1
data/f3a/radio/sh0/f3ash0p1	1
data/f3a/radio/se9/f3ase9p6	1
data/f3a/radio/se9/f3ase9p7	1
data/f3a/radio/si5/f3asi5p1	1
data/f3a/radio/s67/f3as67p1	1
data/f3a/radio/s83/f3as83p1	1
data/f3a/radio/sj7/f3asj7p1	1
data/f3a/radio/sw9/f3asw9p1	1
data/f3a/radio/sv0/f3asv0p1	1
data/f3a/radio/sj1/f3asj1p1	1
data/f3a/radio/ss1/f3ass1p1	1
data/f3a/radio/sd4/f3asd4p1	1
data/f3a/radio/s65/f3as65p1	1
data/f3a/radio/si7/f3asi7p1	1
data/f3a/radio/sg0/f3asg0p3	1
data/f3a/radio/s75/f3as75p2	1
data/f3a/radio/s55/f3as55p1	1
data/f3a/radio/st3/f3ast3p1	1
data/f3a/radio/sq4/f3asq4p1	1
data/f3a/radio/sk4/f3ask4p1	1
data/f3a/labnews/r/radio/f3arrlp2	1
data/f3a/radio/ss3/f3ass3p1	1
data/f3a/radio/sk5/f3ask5p1	1
data/f3a/radio/sn2/f3asn2p1	1
data/f3a/radio/sk3/f3ask3p1	1
data/f3a/radio/s25/f3as25p1	1
data/f3a/radio/sl4/f3asl4p1	1
data/f3a/radio/sj4/f3asj4p1	1
data/f3a/radio/sp5/f3asp5p1	1
data/f3a/radio/sm0/f3asm0p7	1
data/f3a/radio/sp7/f3asp7p1	1
data/f3a/radio/se9/f3ase9p3	1
data/f3a/radio/sm2/f3asm2p1	1
data/f3a/radio/sl9/f3asl9p1	1
data/f3a/radio/s35/f3as35p1	1
data/f3a/radio/s84/f3as84p1	1
data/f3a/radio/s63/f3as63p1	1
data/f3a/radio/s95/f3as95p1	1
data/f3a/radio/s69/f3as69p1	1
data/f3a/radio/sa0/f3asa0p1	1
data/f3a/radio/sc7/f3asc7p1	1
data/f3a/radio/sd6/f3asd6p1	1
data/f3a/radio/ss9/f3ass9pa	1
data/f3a/radio/sv4/f3asv4p1	1
data/f3a/radio/sc4/f3asc4p1	1
data/f3a/radio/sq6/f3asq6p1	1
data/f3a/labnews/r/radio/f3arrlp3	1
data/f3a/radio/sm3/f3asm3p1	1
data/f3a/radio/s44/f3as44p1	1
data/f3a/radio/sq0/f3asq0p1	1
data/f3a/radio/sl1/f3asl1p1	1
data/f3a/radio/s39/f3as39p1	1
data/f3a/radio/s11/f3as11p1	1
data/f3a/radio/sv5/f3asv5p1	1
data/f3a/radio/sn6/f3asn6p1	1
data/f3a/radio/sf3/f3asf3p1	1
data/f3a/radio/sg0/f3asg0p1	1
data/f3a/radio/ss9/f3ass9p5	1
data/f3a/radio/sn0/f3asn0p1	1
data/f3a/radio/se9/f3ase9p5	1
data/f3a/radio/sb9/f3asb9p1	1
data/f3a/radio/su2/f3asu2p1	1
data/f3a/radio/sm6/f3asm6p1	1
data/f3a/radio/sv1/f3asv1p1	1
data/f3a/radio/s40/f3as40p1	1
data/f3a/radio/s41/f3as41p1	1
data/f3a/radio/sm8/f3asm8p1	1
data/f3a/radio/si8/f3asi8p1	1
data/f3a/radio/s68/f3as68p1	1
data/f3a/radio/s98/f3as98p1	1
data/f3a/radio/s03/f3as03p1	1
data/f3a/radio/s38/f3as38p2	1
data/f3a/radio/sg9/f3asg9p1	1
data/f3a/radio/sw5/f3asw5p1	1
data/f3a/labnews/t/radio/f3atrlp1	1
data/f3a/radio/se6/f3ase6p1	1
data/f3a/radio/s51/f3as51p1	1
data/f3a/radio/sr4/f3asr4p1	1
data/f3a/radio/sn3/f3asn3p1	1
data/f3a/radio/s94/f3as94p2	1
data/f3a/radio/sj5/f3asj5p1	1
data/f3a/radio/sw8/f3asw8p1	1
data/f3a/labnews/p/radio/f3aprlp3	1
data/f3a/radio/se1/f3ase1p1	1
data/f3a/radio/sn7/f3asn7p1	1
data/f3a/radio/s09/f3as09p1	1
data/f3a/radio/sd0/f3asd0p1	1
data/f3a/radio/sk1/f3ask1p1	1
data/f3a/radio/sb1/f3asb1p1	1
data/f3a/radio/so5/f3aso5p1	1
data/f3a/labnews/t/radio/f3atrlp4	1
data/f3a/radio/sg0/f3asg0p4	1
data/f3a/labnews/t/radio/f3atrlp3	1
data/f3a/radio/sq5/f3asq5p1	1
data/f3a/radio/sf9/f3asf9p1	1
data/f3a/radio/sd9/f3asd9p1	1
data/f3a/radio/sb7/f3asb7p1	1
data/f3a/radio/s04/f3as04p1	1
data/f3a/radio/s46/f3as46p1	1
data/f3a/radio/s90/f3as90p1	1
data/f3a/radio/s60/f3as60p1	1
data/f3a/radio/se5/f3ase5p1	1
data/f3a/radio/sg0/f3asg0p5	1
data/f3a/radio/se9/f3ase9p1	1
data/f3a/radio/s38/f3as38p1	1
data/f3a/radio/sn5/f3asn5p1	1
data/f3a/radio/su5/f3asu5p1	1
data/f3a/radio/sk0/f3ask0p1	1
data/f3a/radio/ss9/f3ass9p9	1
data/f3a/radio/s43/f3as43p1	1
data/f3a/radio/s22/f3as22p1	1
data/f3a/radio/sb8/f3asb8p1	1
data/f3a/radio/sh8/f3ash8p1	1
data/f3a/radio/s64/f3as64p1	1
data/f3a/radio/ss2/f3ass2p1	1
data/f3a/labnews/t/radio/f3atrlp5	1
data/f3a/radio/su8/f3asu8p1	1
data/f3a/radio/se3/f3ase3p1	1
data/f3a/radio/sf0/f3asf0p2	1
data/f3a/radio/sr2/f3asr2p1	1
data/f3a/radio/se9/f3ase9p4	1
data/f3a/radio/s70/f3as70p1	1
data/f3a/radio/sa2/f3asa2p1	1
data/f3a/radio/sg5/f3asg5p1	1
data/f3a/labnews/r/radio/f3arrlp4	1
data/f3a/labnews/j/radio/f3ajrlp3	1
data/f3a/radio/sn8/f3asn8p1	1
data/f3a/radio/s96/f3as96p1	1
data/f3a/radio/s10/f3as10p1	1
data/f3a/radio/sm5/f3asm5p1	1
data/f3a/radio/su7/f3asu7p1	1
data/f3a/radio/sv3/f3asv3p1	1
data/f3a/radio/s23/f3as23p1	1
data/f3a/radio/sa8/f3asa8p1	1
data/f3a/radio/s09/f3as09p2	1
data/f3a/radio/sw1/f3asw1p1	1
data/f3a/radio/sj0/f3asj0p1	1
data/f3a/radio/s26/f3as26p1	1
data/f3a/radio/s20/f3as20p1	1
data/f3a/radio/sq1/f3asq1p1	1
data/f3a/radio/s52/f3as52p1	1
data/f3a/radio/sm9/f3asm9p1	1
data/f3a/radio/s18/f3as18p1	1
data/f3a/radio/ss5/f3ass5p1	1
data/f3a/radio/sd2/f3asd2p1	1
data/f3a/radio/sf5/f3asf5p1	1
data/f3a/radio/sb5/f3asb5p1	1
data/f3a/radio/sn4/f3asn4p1	1
data/f3a/radio/sc8/f3asc8p1	1
data/f3a/radio/sk9/f3ask9p1	1
data/f3a/radio/s73/f3as73p1	1
data/f3a/radio/s99/f3as99p1	1
data/f3a/radio/ss9/f3ass9p6	1
data/f3a/radio/sl8/f3asl8p1	1
data/f3a/radio/st6/f3ast6p1	1
data/f3a/radio/st4/f3ast4p1	1
data/f3a/labnews/t/radio/f3atrlp6	1
data/f3a/radio/sa9/f3asa9p1	1
data/f3a/radio/su3/f3asu3p1	1
data/f3a/radio/s08/f3as08p1	1
data/f3a/radio/sb3/f3asb3p1	1
data/f3a/radio/st1/f3ast1p1	1
data/f3a/radio/sc5/f3asc5p1	1
data/f3a/radio/se2/f3ase2p1	1
data/f3a/radio/ss9/f3ass9p8	1
data/f3a/radio/ss6/f3ass6p1	1
data/f3a/radio/sh7/f3ash7p1	1
data/f3a/radio/s58/f3as58p1	1
data/f3a/radio/sx6/f3asx6p1	1
data/f3a/radio/sv9/f3asv9p1	1
data/f3a/radio/sd5/f3asd5p1	1
data/f3a/radio/st2/f3ast2p1	1
data/f3a/radio/sm7/f3asm7p1	1
data/f3a/radio/sa7/f3asa7p1	1
data/f3a/radio/sj9/f3asj9p1	1
data/f3a/radio/sh1/f3ash1p1	1
data/f3a/radio/s47/f3as47p1	2
data/f3a/radio/s24/f3as24p1	2
data/f3a/radio/sp6/f3asp6p1	2
data/f3a/radio/sm1/f3asm1p1	2
data/f3a/radio/sk2/f3ask2p1	2
data/f3a/radio/sp0/f3asp0p1	2
data/f3a/radio/s01/f3as01p1	2
data/f3a/radio/sx3/f3asx3p1	2
data/f3a/radio/se9/f3ase9p2	2
data/f3a/radio/sc0/f3asc0p1	2
data/f3a/radio/s12/f3as12p1	2
data/f3a/labnews/p/radio/f3aprlp2	2
data/f3a/labnews/r/radio/f3arrlp5	2
data/f3a/radio/sl2/f3asl2p1	2
data/f3a/radio/sc3/f3asc3p1	2
data/f3a/radio/sa6/f3asa6p1	2
data/f3a/radio/s36/f3as36p2	2
data/f3a/labnews/j/radio/f3ajrlp6	2
data/f3a/radio/so3/f3aso3p1	2
data/f3a/radio/sf8/f3asf8p1	2
data/f3a/radio/sk6/f3ask6p1	2
data/f3a/radio/s85/f3as85p1	2
data/f3a/radio/si6/f3asi6p1	2
data/f3a/radio/sf0/f3asf0p1	2
data/f3a/radio/s19/f3as19p1	2
data/f3a/radio/st8/f3ast8p1	2
data/f3a/radio/se4/f3ase4p1	2
data/f3a/radio/sw4/f3asw4p1	2
data/f3a/radio/sv8/f3asv8p1	2
data/f3a/radio/sw7/f3asw7p1	2
data/f3a/radio/sh2/f3ash2p1	2
data/f3a/labnews/t/radio/f3atrlp7	2
data/f3a/radio/si2/f3asi2p1	2
data/f3a/radio/sj2/f3asj2p1	2
data/f3a/radio/sp2/f3asp2p1	2
data/f3a/radio/ss8/f3ass8p1	2
data/f3a/radio/su1/f3asu1p1	3
data/f3a/radio/sm0/f3asm0p5	3
data/f3a/radio/sd1/f3asd1p1	3
data/f3a/labnews/j/radio/f3ajrlp1	3
data/f3a/radio/sd3/f3asd3p1	3
data/f3a/radio/sg7/f3asg7p1	3
data/f3a/radio/s14/f3as14p1	3
data/f3a/radio/sn1/f3asn1p1	3
data/f3a/radio/s59/f3as59p1	3
data/f3a/radio/su3/f3asu3p2	3
data/f3a/radio/s02/f3as02p1	3
data/f3a/radio/sp3/f3asp3p1	3
data/f3a/radio/su6/f3asu6p1	3
data/f3a/radio/s28/f3as28p1	3
data/f3a/radio/sg1/f3asg1p1	3
data/f3a/radio/s56/f3as56p1	3
data/f3a/radio/s31/f3as31p1	3
data/f3a/radio/sa1/f3asa1p1	3
data/f3a/radio/s62/f3as62p1	3
data/f3a/radio/sf6/f3asf6p1	3
data/f3a/radio/s79/f3as79p1	3
data/f3a/radio/so0/f3aso0p1	3
data/f3a/radio/sj6/f3asj6p1	3
data/f3a/radio/sx2/f3asx2p1	3
data/f3a/radio/su4/f3asu4p1	3
data/f3a/radio/sr5/f3asr5p1	3
data/f3a/radio/s45/f3as45p1	3
data/f3a/radio/s75/f3as75p1	3
data/f3a/radio/s87/f3as87p1	3
data/f3a/radio/s92/f3as92p1	3
data/f3a/radio/s15/f3as15p1	3
data/f3a/radio/s36/f3as36p1	3
data/f3a/radio/st7/f3ast7p1	3
data/f3a/radio/sq8/f3asq8p1	3
data/f3a/radio/ss7/f3ass7p1	3
data/f3a/radio/sr3/f3asr3p1	3
data/f3a/radio/sg4/f3asg4p1	3
data/m1b/radio/s32/m1bs32p4	1
data/m1b/radio/s01/m1bs01p5	1
data/m1b/radio/s17/m1bs17p3	1
data/m1b/radio/s37/m1bs37p4	1
data/m1b/radio/s08/m1bs08p9	1
data/m1b/radio/s15/m1bs15p2	1
data/m1b/radio/s01/m1bs01p4	1
data/m1b/radio/s22/m1bs22p3	1
data/m1b/radio/s21/m1bs21p2	1
data/m1b/radio/s12/m1bs12p2	1
data/m1b/radio/s07/m1bs07p3	1
data/m1b/radio/s21/m1bs21p4	1
data/m1b/radio/s34/m1bs34p7	1
data/m1b/radio/s18/m1bs18p3	1
data/m1b/radio/s33/m1bs33p2	1
data/m1b/radio/s24/m1bs24p3	1
data/m1b/radio/s18/m1bs18p1	1
data/m1b/radio/s22/m1bs22p4	1
data/m1b/radio/s29/m1bs29p8	1
data/m1b/radio/s39/m1bs39p8	1
data/m1b/radio/s15/m1bs15p1	1
data/m1b/labnews/p/radio/m1bprlp4	1
data/m1b/radio/s02/m1bs02p1	1
data/m1b/radio/s24/m1bs24p4	1
data/m1b/labnews/j/nonradio/m1bjnrp5	1
data/m1b/radio/s18/m1bs18p2	1
data/m1b/radio/s26/m1bs26p6	1
data/m1b/radio/s29/m1bs29p6	1
data/m1b/radio/s10/m1bs10p2	1
data/m1b/radio/s31/m1bs31p2	1
data/m1b/radio/s10/m1bs10p1	1
data/m1b/radio/s33/m1bs33p3	1
data/m1b/radio/s10/m1bs10p4	1
data/m1b/radio/s08/m1bs08p5	1
data/m1b/radio/s01/m1bs01p1	1
data/m1b/radio/s38/m1bs38p6	1
data/m1b/radio/s39/m1bs39p2	1
data/m1b/labnews/j/nonradio/m1bjnrp6	1
data/m1b/radio/s03/m1bs03p4	1
data/m1b/radio/s16/m1bs16p2	1
data/m1b/radio/s27/m1bs27p3	1
data/m1b/radio/s01/m1bs01p3	1
data/m1b/radio/s35/m1bs35p3	1
data/m1b/radio/s31/m1bs31p5	1
data/m1b/radio/s07/m1bs07pb	1
data/m1b/radio/s33/m1bs33p8	1
data/m1b/labnews/t/radio/m1btrlp7	1
data/m1b/radio/s12/m1bs12p6	1
data/m1b/radio/s12/m1bs12p1	1
data/m1b/radio/s02/m1bs02p3	1
data/m1b/radio/s16/m1bs16p1	1
data/m1b/labnews/j/radio/m1bjrlp1	1
data/m1b/radio/s08/m1bs08p7	1
data/m1b/radio/s39/m1bs39p6	1
data/m1b/labnews/j/nonradio/m1bjnrp4	1
data/m1b/radio/s11/m1bs11p7	1
data/m1b/radio/s05/m1bs05p2	1
data/m1b/radio/s34/m1bs34p2	1
data/m1b/radio/s39/m1bs39pb	1
data/m1b/labnews/j/radio/m1bjrlp5	1
data/m1b/radio/s27/m1bs27p2	1
data/m1b/radio/s02/m1bs02p4	1
data/m1b/radio/s24/m1bs24p6	1
data/m1b/radio/s33/m1bs33p5	1
data/m1b/radio/s33/m1bs33p1	1
data/m1b/radio/s04/m1bs04p4	1
data/m1b/radio/s37/m1bs37p5	1
data/m1b/radio/s38/m1bs38p5	1
data/m1b/radio/s32/m1bs32p1	1
data/m1b/radio/s37/m1bs37p9	1
data/m1b/radio/s35/m1bs35p4	1
data/m1b/radio/s07/m1bs07p7	1
data/m1b/labnews/p/radio/m1bprlp2	1
data/m1b/radio/s12/m1bs12p4	1
data/m1b/labnews/j/nonradio/m1bjnrp1	1
data/m1b/radio/s19/m1bs19p3	1
data/m1b/radio/s24/m1bs24p1	1
data/m1b/radio/s29/m1bs29p2	1
data/m1b/radio/s07/m1bs07p2	1
data/m1b/radio/s21/m1bs21p1	1
data/m1b/labnews/r/radio/m1brrlp5	1
data/m1b/radio/s21/m1bs21p5	1
data/m1b/labnews/j/radio/m1bjrlp2	1
data/m1b/radio/s31/m1bs31p4	1
data/m1b/radio/s27/m1bs27p4	1
data/m1b/radio/s27/m1bs27p7	1
data/m1b/radio/s04/m1bs04p5	1
data/m1b/radio/s02/m1bs02p7	1
data/m1b/radio/s29/m1bs29p7	1
data/m1b/radio/s32/m1bs32p3	1
data/m1b/radio/s33/m1bs33p9	1
data/m1b/labnews/r/radio/m1brrlp7	1
data/m1b/radio/s29/m1bs29p4	1
data/m1b/radio/s20/m1bs20p1	1
data/m1b/labnews/t/radio/m1btrlp2	1
data/m1b/radio/s38/m1bs38p4	1
data/m1b/radio/s02/m1bs02p5	1
data/m1b/radio/s20/m1bs20p4	1
data/m1b/radio/s13/m1bs13p2	1
data/m1b/radio/s03/m1bs03p6	1
data/m1b/radio/s05/m1bs05p3	1
data/m1b/radio/s14/m1bs14p1	1
data/m1b/labnews/t/radio/m1btrlp6	1
data/m1b/radio/s31/m1bs31p3	1
data/m1b/radio/s32/m1bs32p5	1
data/m1b/radio/s10/m1bs10p6	1
data/m1b/radio/s39/m1bs39p5	1
data/m1b/radio/s33/m1bs33p6	1
data/m1b/radio/s09/m1bs09p1	1
data/m1b/radio/s04/m1bs04p3	1
data/m1b/radio/s11/m1bs11p5	1
data/m1b/radio/s17/m1bs17p1	1
data/m1b/labnews/r/radio/m1brrlp6	1
data/m1b/radio/s18/m1bs18p5	1
data/m1b/radio/s21/m1bs21p3	1
data/m1b/radio/s22/m1bs22p7	1
data/m1b/radio/s39/m1bs39p1	1
data/m1b/labnews/j/radio/m1bjrlp3	1
data/m1b/radio/s34/m1bs34p6	1
data/m1b/radio/s26/m1bs26p4	1
data/m1b/radio/s27/m1bs27p6	1
data/m1b/radio/s14/m1bs14p2	1
data/m1b/labnews/j/nonradio/m1bjnrp3	1
data/m1b/radio/s05/m1bs05p5	1
data/m1b/labnews/r/radio/m1brrlp2	1
data/m1b/radio/s24/m1bs24p2	1
data/m1b/radio/s07/m1bs07p9	1
data/m1b/labnews/j/radio/m1bjrlp6	1
data/m1b/radio/s22/m1bs22p2	1
data/m1b/radio/s35/m1bs35p1	1
data/m1b/radio/s39/m1bs39pa	1
data/m1b/radio/s04/m1bs04p8	1
data/m1b/radio/s05/m1bs05p4	1
data/m1b/radio/s19/m1bs19p2	1
data/m1b/radio/s27/m1bs27p1	1
data/m1b/radio/s38/m1bs38p3	1
data/m1b/radio/s10/m1bs10p3	1
data/m1b/radio/s37/m1bs37pb	1
data/m1b/radio/s03/m1bs03p5	1
data/m1b/radio/s18/m1bs18p4	1
data/m1b/radio/s29/m1bs29p5	1
data/m1b/radio/s10/m1bs10p5	1
data/m1b/labnews/r/radio/m1brrlp4	1
data/m1b/radio/s26/m1bs26p5	1
data/m1b/radio/s22/m1bs22p5	1
data/m1b/radio/s04/m1bs04p6	1
data/m1b/labnews/r/radio/m1brrlp3	1
data/m1b/labnews/t/radio/m1btrlp1	1
data/m1b/radio/s39/m1bs39p4	1
data/m1b/radio/s13/m1bs13p4	1
data/m1b/radio/s11/m1bs11p4	1
data/m1b/radio/s33/m1bs33p4	1
data/m1b/radio/s08/m1bs08p6	2
data/m1b/radio/s13/m1bs13p3	2
data/m1b/labnews/p/radio/m1bprlp1	2
data/m1b/radio/s37/m1bs37pc	2
data/m1b/radio/s20/m1bs20p2	2
data/m1b/radio/s01/m1bs01p2	2
data/m1b/radio/s39/m1bs39p3	2
data/m1b/radio/s34/m1bs34p4	2
data/m1b/radio/s11/m1bs11p1	2
data/m1b/radio/s38/m1bs38p2	2
data/m1b/radio/s11/m1bs11p6	2
data/m1b/radio/s19/m1bs19p7	2
data/m1b/radio/s20/m1bs20p3	2
data/m1b/radio/s16/m1bs16p5	2
data/m1b/radio/s09/m1bs09p3	2
data/m1b/radio/s35/m1bs35p2	2
data/m1b/radio/s34/m1bs34p1	2
data/m1b/radio/s12/m1bs12p3	2
data/m1b/radio/s09/m1bs09p2	3
data/m1b/radio/s27/m1bs27p5	3
data/m1b/labnews/t/radio/m1btrlp5	3
data/m1b/radio/s11/m1bs11p2	3
data/m1b/radio/s19/m1bs19p6	3
data/m1b/labnews/t/radio/m1btrlp4	3
data/m1b/labnews/j/radio/m1bjrlp4	3
data/m1b/radio/s17/m1bs17p6	3
data/m1b/labnews/r/radio/m1brrlp1	3
data/m1b/radio/s14/m1bs14p4	3
data/m1b/radio/s32/m1bs32p2	3
data/m1b/radio/s24/m1bs24p5	3
data/m1b/radio/s39/m1bs39p7	3
data/m1b/labnews/j/nonradio/m1bjnrp2	3
data/m1b/radio/s13/m1bs13p1	3
data/m1b/radio/s12/m1bs12p5	3
data/m1b/labnews/t/radio/m1btrlp3	3
data/m1b/radio/s03/m1bs03p3	3
data/m1b/radio/s02/m1bs02p2	3
data/m1b/labnews/p/radio/m1bprlp3	3
data/m4b/radio/s09/m4bs09p1	1
data/m4b/radio/s10/m4bs10p3	1
data/m4b/radio/s57/m4bs57p2	1
data/m4b/radio/s26/m4bs26p3	1
data/m4b/radio/s05/m4bs05p2	1
data/m4b/radio/s47/m4bs47p4	1
data/m4b/radio/s36/m4bs36p5	1
data/m4b/radio/s47/m4bs47p1	1
data/m4b/radio/s35/m4bs35p1	1
data/m4b/radio/s36/m4bs36p2	1
data/m4b/radio/s48/m4bs48p1	1
data/m4b/radio/s12/m4bs12p4	1
data/m4b/radio/s24/m4bs24p3	1
data/m4b/radio/s43/m4bs43p3	1
data/m4b/radio/s53/m4bs53p4	1
data/m4b/radio/s07/m4bs07p5	1
data/m4b/radio/s34/m4bs34p8	1
data/m4b/radio/s34/m4bs34p2	1
data/m4b/radio/s37/m4bs37p1	1
data/m4b/radio/s17/m4bs17p2	1
data/m4b/radio/s16/m4bs16p4	1
data/m4b/radio/s01/m4bs01p2	1
data/m4b/radio/s06/m4bs06p3	1
data/m4b/radio/s36/m4bs36p6	1
data/m4b/radio/s05/m4bs05p1	1
data/m4b/radio/s52/m4bs52p2	1
data/m4b/radio/s46/m4bs46p8	1
data/m4b/radio/s23/m4bs23p7	1
data/m4b/radio/s49/m4bs49p1	1
data/m4b/radio/s16/m4bs16p3	1
data/m4b/radio/s35/m4bs35p3	1
data/m4b/radio/s12/m4bs12p2	1
data/m4b/radio/s16/m4bs16p6	1
data/m4b/radio/s62/m4bs62p1	1
data/m4b/radio/s60/m4bs60p3	1
data/m4b/radio/s55/m4bs55p2	1
data/m4b/radio/s20/m4bs20p4	1
data/m4b/radio/s44/m4bs44p5	1
data/m4b/radio/s32/m4bs32p6	1
data/m4b/radio/s13/m4bs13p3	1
data/m4b/radio/s11/m4bs11p3	1
data/m4b/radio/s09/m4bs09p2	1
data/m4b/radio/s41/m4bs41p3	1
data/m4b/radio/s25/m4bs25p1	1
data/m4b/radio/s13/m4bs13p1	1
data/m4b/radio/s02/m4bs02p1	1
data/m4b/radio/s26/m4bs26p2	1
data/m4b/radio/s28/m4bs28p3	1
data/m4b/radio/s36/m4bs36p1	1
data/m4b/radio/s45/m4bs45p2	1
data/m4b/radio/s37/m4bs37p4	1
data/m4b/radio/s54/m4bs54p2	1
data/m4b/radio/s02/m4bs02p3	1
data/m4b/radio/s10/m4bs10p2	1
data/m4b/radio/s46/m4bs46p7	1
data/m4b/radio/s03/m4bs03p2	1
data/m4b/radio/s06/m4bs06p4	1
data/m4b/radio/s39/m4bs39p3	1
data/m4b/radio/s05/m4bs05p3	1
data/m4b/radio/s08/m4bs08p5	1
data/m4b/radio/s53/m4bs53p3	1
data/m4b/radio/s39/m4bs39p7	1
data/m4b/radio/s34/m4bs34p6	1
data/m4b/radio/s21/m4bs21p1	1
data/m4b/radio/s60/m4bs60p1	1
data/m4b/radio/s33/m4bs33p2	1
data/m4b/radio/s42/m4bs42p4	1
data/m4b/radio/s21/m4bs21p4	1
data/m4b/radio/s26/m4bs26p1	1
data/m4b/radio/s38/m4bs38p3	1
data/m4b/radio/s30/m4bs30p1	1
data/m4b/radio/s01/m4bs01p3	1
data/m4b/radio/s37/m4bs37p5	1
data/m4b/radio/s33/m4bs33p4	1
data/m4b/radio/s21/m4bs21p7	1
data/m4b/radio/s11/m4bs11p1	1
data/m4b/radio/s31/m4bs31p4	1
data/m4b/radio/s25/m4bs25p2	1
data/m4b/radio/s16/m4bs16p2	1
data/m4b/radio/s02/m4bs02p5	1
data/m4b/radio/s01/m4bs01p4	1
data/m4b/radio/s44/m4bs44p2	1
data/m4b/radio/s31/m4bs31p1	1
data/m4b/radio/s02/m4bs02p2	1
data/m4b/radio/s06/m4bs06p5	1
data/m4b/radio/s45/m4bs45p3	1
data/m4b/radio/s37/m4bs37p3	1
data/m4b/radio/s06/m4bs06p2	1
data/m4b/radio/s32/m4bs32p5	1
data/m4b/radio/s24/m4bs24p4	1
data/m4b/radio/s24/m4bs24p2	1
data/m4b/radio/s38/m4bs38p2	1
data/m4b/radio/s39/m4bs39p4	1
data/m4b/radio/s23/m4bs23p5	1
data/m4b/radio/s51/m4bs51p2	1
data/m4b/radio/s31/m4bs31p2	1
data/m4b/radio/s25/m4bs25p3	1
data/m4b/radio/s56/m4bs56p2	1
data/m4b/radio/s21/m4bs21p2	1
data/m4b/radio/s07/m4bs07p4	1
data/m4b/radio/s43/m4bs43p2	1
data/m4b/radio/s16/m4bs16p5	1
data/m4b/radio/s33/m4bs33p3	1
data/m4b/radio/s50/m4bs50p2	1
data/m4b/radio/s02/m4bs02p4	1
data/m4b/radio/s07/m4bs07p6	1
data/m4b/radio/s61/m4bs61p2	1
data/m4b/radio/s56/m4bs56p4	1
data/m4b/radio/s46/m4bs46p4	1
data/m4b/radio/s17/m4bs17p4	1
data/m4b/radio/s52/m4bs52p5	1
data/m4b/radio/s54/m4bs54p3	1
data/m4b/radio/s35/m4bs35p4	1
data/m4b/radio/s34/m4bs34p3	1
data/m4b/radio/s04/m4bs04p1	1
data/m4b/radio/s30/m4bs30p6	1
data/m4b/radio/s12/m4bs12p1	1
data/m4b/radio/s35/m4bs35p2	1
data/m4b/radio/s42/m4bs42p1	1
data/m4b/radio/s32/m4bs32p3	1
data/m4b/radio/s29/m4bs29p6	1
data/m4b/radio/s21/m4bs21p5	1
data/m4b/radio/s22/m4bs22p4	1
data/m4b/radio/s03/m4bs03p3	1
data/m4b/radio/s01/m4bs01p1	1
data/m4b/radio/s25/m4bs25p4	1
data/m4b/radio/s14/m4bs14p1	1
data/m4b/radio/s04/m4bs04p2	1
data/m4b/radio/s07/m4bs07p7	1
data/m4b/radio/s13/m4bs13p5	1
data/m4b/radio/s52/m4bs52p1	1
data/m4b/radio/s58/m4bs58p2	1
data/m4b/radio/s29/m4bs29p9	1
data/m4b/radio/s10/m4bs10p5	1
data/m4b/radio/s04/m4bs04p3	1
data/m4b/radio/s15/m4bs15p1	1
data/m4b/radio/s16/m4bs16p1	1
data/m4b/radio/s59/m4bs59p3	1
data/m4b/radio/s22/m4bs22p3	1
data/m4b/radio/s46/m4bs46p1	1
data/m4b/radio/s39/m4bs39p6	1
data/m4b/radio/s59/m4bs59p1	1
data/m4b/radio/s24/m4bs24p1	1
data/m4b/radio/s55/m4bs55p1	1
data/m4b/radio/s41/m4bs41p1	1
data/m4b/radio/s21/m4bs21p3	1
data/m4b/radio/s07/m4bs07p9	1
data/m4b/radio/s36/m4bs36p4	1
data/m4b/radio/s09/m4bs09p4	1
data/m4b/radio/s44/m4bs44p4	1
data/m4b/radio/s11/m4bs11p2	1
data/m4b/radio/s57/m4bs57p3	1
data/m4b/radio/s22/m4bs22p1	1
data/m4b/radio/s44/m4bs44p3	1
data/m4b/radio/s46/m4bs46p6	1
data/m4b/radio/s54/m4bs54p1	1
data/m4b/radio/s15/m4bs15p2	1
data/m4b/radio/s40/m4bs40p1	1
data/m4b/radio/s53/m4bs53p2	1
data/m4b/radio/s08/m4bs08p4	1
data/m4b/radio/s17/m4bs17p1	1
data/m4b/radio/s07/m4bs07p2	1
data/m4b/radio/s46/m4bs46p3	1
data/m4b/radio/s56/m4bs56p1	1
data/m4b/radio/s39/m4bs39p1	1
data/m4b/radio/s50/m4bs50p3	1
data/m4b/radio/s30/m4bs30p5	1
data/m4b/radio/s44/m4bs44p6	1
data/m4b/radio/s42/m4bs42p2	1
data/m4b/radio/s52/m4bs52p3	1
data/m4b/radio/s49/m4bs49p3	1
data/m4b/radio/s43/m4bs43p4	1
data/m4b/radio/s15/m4bs15p3	1
data/m4b/radio/s43/m4bs43p6	1
data/m4b/radio/s59/m4bs59p2	1
data/m4b/radio/s42/m4bs42p3	1
data/m4b/radio/s29/m4bs29p5	1
data/m4b/radio/s06/m4bs06p1	1
data/m4b/radio/s10/m4bs10p1	1
data/m4b/radio/s43/m4bs43p5	1
data/m4b/radio/s22/m4bs22p2	1
data/m4b/radio/s34/m4bs34p1	1
data/m4b/radio/s09/m4bs09p3	1
data/m4b/radio/s57/m4bs57p4	1
data/m4b/radio/s52/m4bs52p4	1
data/m4b/radio/s39/m4bs39p5	1
data/m4b/radio/s39/m4bs39p2	1
data/m4b/radio/s21/m4bs21p6	1
data/m4b/radio/s45/m4bs45p1	2
data/m4b/radio/s46/m4bs46p2	2
data/m4b/radio/s38/m4bs38p1	2
data/m4b/radio/s61/m4bs61p1	2
data/m4b/radio/s29/m4bs29p3	2
data/m4b/radio/s16/m4bs16p7	2
data/m4b/radio/s20/m4bs20p1	2
data/m4b/radio/s33/m4bs33p5	2
data/m4b/radio/s33/m4bs33p1	2
data/m4b/radio/s29/m4bs29p8	2
data/m4b/radio/s18/m4bs18p1	2
data/m4b/radio/s41/m4bs41p2	2
data/m4b/radio/s20/m4bs20p3	2
data/m4b/radio/s31/m4bs31p3	2
data/m4b/radio/s25/m4bs25p5	2
data/m4b/radio/s10/m4bs10p4	2
data/m4b/radio/s60/m4bs60p4	2
data/m4b/radio/s34/m4bs34p7	2
data/m4b/radio/s44/m4bs44p7	2
data/m4b/radio/s58/m4bs58p3	2
data/m4b/radio/s40/m4bs40p2	2
data/m4b/radio/s49/m4bs49p2	2
data/m4b/radio/s51/m4bs51p1	2
data/m4b/radio/s03/m4bs03p1	3
data/m4b/radio/s15/m4bs15p4	3
data/m4b/radio/s12/m4bs12p3	3
data/m4b/radio/s51/m4bs51p3	3
data/m4b/radio/s08/m4bs08p1	3
data/m4b/radio/s60/m4bs60p6	3
data/m4b/radio/s08/m4bs08p2	3
data/m4b/radio/s37/m4bs37p2	3
data/m4b/radio/s58/m4bs58p1	3
data/m4b/radio/s08/m4bs08p3	3
data/m4b/radio/s13/m4bs13p2	3
data/m4b/radio/s43/m4bs43p1	3
data/m4b/radio/s36/m4bs36p3	3
data/m4b/radio/s60/m4bs60p2	3
data/m4b/radio/s28/m4bs28p1	3
data/m4b/radio/s17/m4bs17p3	3
data/m4b/radio/s11/m4bs11p4	3
data/m4b/radio/s20/m4bs20p2	3
data/m4b/radio/s35/m4bs35p5	3
data/m4b/radio/s07/m4bs07pa	3
data/m4b/radio/s44/m4bs44p1	3
data/m4b/radio/s50/m4bs50p1	3
data/m4b/radio/s07/m4bs07p8	3
data/m4b/radio/s13/m4bs13p4	3
data/f2b/radio/s14/f2bs14p2	1
data/f2b/radio/s10/f2bs10p4	1
data/f2b/radio/s34/f2bs34p3	1
data/f2b/radio/s09/f2bs09p4	1
data/f2b/radio/s11/f2bs11p5	1
data/f2b/radio/s31/f2bs31p5	1
data/f2b/radio/s23/f2bs23p1	1
data/f2b/labnews/p/oldradio/f2bprop3	1
data/f2b/radio/s29/f2bs29p4	1
data/f2b/labnews/j/oldradio/f2bjrop2	1
data/f2b/radio/s32/f2bs32p3	1
data/f2b/radio/s14/f2bs14p1	1
data/f2b/labnews/t/oldradio/f2btrop7	1
data/f2b/radio/s13/f2bs13p3	1
data/f2b/labnews/t/radio/f2btrlp6	1
data/f2b/radio/s31/f2bs31p3	1
data/f2b/radio/s12/f2bs12p6	1
data/f2b/radio/s31/f2bs31p2	1
data/f2b/radio/s08/f2bs08p1	1
data/f2b/labnews/r/radio/f2brrlp4	1
data/f2b/radio/s26/f2bs26p1	1
data/f2b/radio/s17/f2bs17p7	1
data/f2b/radio/s18/f2bs18p8	1
data/f2b/radio/s05/f2bs05p2	1
data/f2b/labnews/r/radio/f2brrlp5	1
data/f2b/radio/s16/f2bs16p4	1
data/f2b/radio/s10/f2bs10p2	1
data/f2b/radio/s10/f2bs10p1	1
data/f2b/radio/s14/f2bs14p4	1
data/f2b/radio/s18/f2bs18p2	1
data/f2b/labnews/j/radio/f2bjrlp1	1
data/f2b/radio/s13/f2bs13p2	1
data/f2b/radio/s11/f2bs11p4	1
data/f2b/radio/s12/f2bs12p4	1
data/f2b/radio/s21/f2bs21p5	1
data/f2b/radio/s31/f2bs31p1	1
data/f2b/labnews/t/oldradio/f2btrop5	1
data/f2b/labnews/r/radio/f2brrlp3	1
data/f2b/labnews/p/radio/f2bprlp1	1
data/f2b/labnews/t/oldradio/f2btrop3	1
data/f2b/labnews/p/radio/f2bprlp3	1
data/f2b/radio/s20/f2bs20p4	1
data/f2b/radio/s33/f2bs33p2	1
data/f2b/radio/s17/f2bs17p2	1
data/f2b/radio/s34/f2bs34p2	1
data/f2b/radio/s14/f2bs14p6	1
data/f2b/radio/s14/f2bs14p3	1
data/f2b/radio/s10/f2bs10p6	1
data/f2b/radio/s33/f2bs33p3	1
data/f2b/radio/s29/f2bs29p1	1
data/f2b/labnews/t/radio/f2btrlp4	1
data/f2b/radio/s17/f2bs17p6	1
data/f2b/labnews/t/radio/f2btrlp7	1
data/f2b/radio/s06/f2bs06p2	1
data/f2b/radio/s03/f2bs03p3	1
data/f2b/radio/s02/f2bs02p6	1
data/f2b/radio/s04/f2bs04p2	1
data/f2b/radio/s19/f2bs19p3	1
data/f2b/radio/s28/f2bs28p2	1
data/f2b/radio/s05/f2bs05p3	1
data/f2b/radio/s16/f2bs16p1	1
data/f2b/radio/s18/f2bs18p4	1
data/f2b/radio/s07/f2bs07p5	1
data/f2b/radio/s02/f2bs02p3	1
data/f2b/labnews/j/radio/f2bjrlp3	1
data/f2b/radio/s08/f2bs08p6	1
data/f2b/labnews/r/radio/f2brrlp7	1
data/f2b/labnews/p/oldradio/f2bprop4	1
data/f2b/radio/s14/f2bs14p7	1
data/f2b/labnews/t/oldradio/f2btrop1	1
data/f2b/radio/s03/f2bs03p1	1
data/f2b/radio/s10/f2bs10p5	1
data/f2b/radio/s25/f2bs25p2	1
data/f2b/labnews/j/oldradio/f2bjrop5	1
data/f2b/radio/s08/f2bs08p2	1
data/f2b/radio/s10/f2bs10p3	1
data/f2b/radio/s06/f2bs06p3	1
data/f2b/radio/s12/f2bs12p5	1
data/f2b/radio/s08/f2bs08p3	1
data/f2b/radio/s14/f2bs14p5	1
data/f2b/radio/s13/f2bs13p4	1
data/f2b/radio/s17/f2bs17p8	1
data/f2b/radio/s32/f2bs32p2	1
data/f2b/radio/s31/f2bs31p6	1
data/f2b/radio/s03/f2bs03p2	1
data/f2b/labnews/t/oldradio/f2btrop6	1
data/f2b/radio/s16/f2bs16p3	1
data/f2b/radio/s24/f2bs24p1	1
data/f2b/radio/s34/f2bs34p1	1
data/f2b/radio/s34/f2bs34p4	1
data/f2b/radio/s21/f2bs21p1	1
data/f2b/labnews/r/radio/f2brrlp2	1
data/f2b/radio/s03/f2bs03p4	1
data/f2b/labnews/t/radio/f2btrlp2	1
data/f2b/radio/s28/f2bs28p1	1
data/f2b/labnews/j/radio/f2bjrlp6	1
data/f2b/radio/s16/f2bs16p5	1
data/f2b/radio/s09/f2bs09p1	1
data/f2b/labnews/j/oldradio/f2bjrop1	1
data/f2b/radio/s32/f2bs32p4	1
data/f2b/labnews/t/radio/f2btrlp3	1
data/f2b/radio/s20/f2bs20p1	1
data/f2b/labnews/p/oldradio/f2bprop2	1
data/f2b/radio/s32/f2bs32p5	1
data/f2b/radio/s06/f2bs06p4	1
data/f2b/radio/s01/f2bs01p1	1
data/f2b/labnews/p/radio/f2bprlp2	1
data/f2b/radio/s19/f2bs19p2	1
data/f2b/labnews/t/oldradio/f2btrop2	1
data/f2b/radio/s16/f2bs16p2	1
data/f2b/radio/s29/f2bs29p2	1
data/f2b/radio/s29/f2bs29p3	1
data/f2b/radio/s02/f2bs02p5	1
data/f2b/labnews/t/oldradio/f2btrop4	1
data/f2b/radio/s04/f2bs04p4	1
data/f2b/radio/s19/f2bs19p4	1
data/f2b/radio/s31/f2bs31p4	1
data/f2b/radio/s04/f2bs04p5	1
data/f2b/radio/s04/f2bs04p3	1
data/f2b/radio/s24/f2bs24p2	1
data/f2b/labnews/j/radio/f2bjrlp5	1
data/f2b/radio/s12/f2bs12p7	1
data/f2b/labnews/p/oldradio/f2bprop1	1
data/f2b/radio/s02/f2bs02p2	1
data/f2b/radio/s03/f2bs03p5	1
data/f2b/labnews/j/oldradio/f2bjrop4	1
data/f2b/radio/s07/f2bs07p4	1
data/f2b/radio/s05/f2bs05p1	1
data/f2b/radio/s09/f2bs09p3	1
data/f2b/labnews/r/radio/f2brrlp1	1
data/f2b/radio/s17/f2bs17p4	1
data/f2b/radio/s17/f2bs17p3	1
data/f2b/labnews/j/radio/f2bjrlp4	2
data/f2b/radio/s12/f2bs12p1	2
data/f2b/radio/s25/f2bs25p1	2
data/f2b/radio/s27/f2bs27p1	2
data/f2b/radio/s06/f2bs06p1	2
data/f2b/labnews/p/radio/f2bprlp4	2
data/f2b/radio/s32/f2bs32p1	2
data/f2b/labnews/j/radio/f2bjrlp2	2
data/f2b/labnews/t/radio/f2btrlp5	2
data/f2b/radio/s18/f2bs18p6	2
data/f2b/radio/s21/f2bs21p3	2
data/f2b/radio/s27/f2bs27p2	2
data/f2b/radio/s09/f2bs09p5	2
data/f2b/radio/s33/f2bs33p4	2
data/f2b/labnews/j/oldradio/f2bjrop3	2
data/f2b/radio/s12/f2bs12p9	2
data/f2b/radio/s09/f2bs09p2	3
data/f2b/radio/s05/f2bs05p4	3
data/f2b/radio/s30/f2bs30p1	3
data/f2b/radio/s02/f2bs02p4	3
data/f2b/radio/s11/f2bs11p1	3
data/f2b/radio/s13/f2bs13p1	3
data/f2b/radio/s13/f2bs13p5	3
data/f2b/radio/s01/f2bs01p2	3
data/f2b/labnews/r/radio/f2brrlp6	3
data/f2b/radio/s12/f2bs12p8	3
data/f2b/radio/s18/f2bs18p3	3
data/f2b/radio/s33/f2bs33p1	3
data/f2b/labnews/j/oldradio/f2bjrop6	3
data/f2b/labnews/t/radio/f2btrlp1	3
data/f2b/radio/s18/f2bs18p5	3
data/f2b/radio/s19/f2bs19p1	3
data/f2b/radio/s01/f2bs01p3	3
data/m3b/radio/s15/m3bs15p4	1
data/m3b/radio/s04/m3bs04p4	1
data/m3b/radio/s21/m3bs21p4	1
data/m3b/radio/s06/m3bs06p1	1
data/m3b/labnews/r/nonradio/m3brnrp7	1
data/m3b/radio/s01/m3bs01p2	1
data/m3b/labnews/j/radio/m3bjrlp2	1
data/m3b/radio/s20/m3bs20p5	1
data/m3b/labnews/p/radio/m3bprlp4	1
data/m3b/radio/s12/m3bs12p5	1
data/m3b/radio/s12/m3bs12p2	1
data/m3b/radio/s12/m3bs12p4	1
data/m3b/labnews/j/radio/m3bjrlp5	1
data/m3b/labnews/j/nonradio/m3bjnrp5	1
data/m3b/radio/s07/m3bs07p1	1
data/m3b/radio/s08/m3bs08p8	1
data/m3b/radio/s09/m3bs09p7	1
data/m3b/radio/s17/m3bs17p4	1
data/m3b/radio/s21/m3bs21p6	1
data/m3b/labnews/r/radio/m3brrlp4	1
data/m3b/radio/s11/m3bs11p4	1
data/m3b/radio/s05/m3bs05p4	1
data/m3b/radio/s08/m3bs08p5	1
data/m3b/labnews/r/nonradio/m3brnrp6	1
data/m3b/radio/s13/m3bs13p4	1
data/m3b/radio/s10/m3bs10p5	1
data/m3b/radio/s12/m3bs12p6	1
data/m3b/radio/s16/m3bs16p1	1
data/m3b/radio/s07/m3bs07pc	1
data/m3b/radio/s07/m3bs07p4	1
data/m3b/labnews/t/radio/m3btrlp6	1
data/m3b/radio/s08/m3bs08p9	1
data/m3b/radio/s14/m3bs14p2	1
data/m3b/radio/s07/m3bs07pd	1
data/m3b/radio/s08/m3bs08p6	1
data/m3b/labnews/p/radio/m3bprlp2	1
data/m3b/radio/s08/m3bs08p7	1
data/m3b/radio/s18/m3bs18p1	1
data/m3b/labnews/r/nonradio/m3brnrp1	1
data/m3b/labnews/p/nonradio/m3bpnrp2	1
data/m3b/radio/s07/m3bs07p8	1
data/m3b/radio/s11/m3bs11p6	1
data/m3b/radio/s07/m3bs07p9	1
data/m3b/labnews/t/nonradio/m3btnrp7	1
data/m3b/radio/s12/m3bs12p8	1
data/m3b/labnews/p/nonradio/m3bpnrp4	1
data/m3b/labnews/t/radio/m3btrlp1	1
data/m3b/labnews/t/nonradio/m3btnrp1	1
data/m3b/labnews/r/radio/m3brrlp2	1
data/m3b/radio/s14/m3bs14p1	1
data/m3b/radio/s04/m3bs04p6	1
data/m3b/radio/s21/m3bs21p5	1
data/m3b/radio/s06/m3bs06p6	1
data/m3b/radio/s07/m3bs07p2	1
data/m3b/radio/s12/m3bs12p1	1
data/m3b/radio/s05/m3bs05p9	1
data/m3b/labnews/r/nonradio/m3brnrp2	1
data/m3b/radio/s04/m3bs04p1	1
data/m3b/radio/s18/m3bs18p5	1
data/m3b/radio/s17/m3bs17p7	1
data/m3b/radio/s05/m3bs05p3	1
data/m3b/radio/s05/m3bs05p1	1
data/m3b/labnews/j/nonradio/m3bjnrp1	1
data/m3b/radio/s19/m3bs19p6	1
data/m3b/labnews/t/nonradio/m3btnrp3	1
data/m3b/radio/s03/m3bs03p5	1
data/m3b/labnews/t/nonradio/m3btnrp6	1
data/m3b/radio/s13/m3bs13p5	1
data/m3b/radio/s19/m3bs19p3	1
data/m3b/labnews/r/radio/m3brrlp7	1
data/m3b/radio/s18/m3bs18p2	1
data/m3b/radio/s01/m3bs01p3	1
data/m3b/radio/s20/m3bs20p1	1
data/m3b/radio/s05/m3bs05p7	1
data/m3b/radio/s03/m3bs03p6	1
data/m3b/radio/s21/m3bs21p7	1
data/m3b/radio/s02/m3bs02p2	1
data/m3b/radio/s03/m3bs03p3	1
data/m3b/labnews/r/nonradio/m3brnrp5	1
data/m3b/radio/s17/m3bs17p6	1
data/m3b/radio/s15/m3bs15p6	1
data/m3b/radio/s17/m3bs17p5	1
data/m3b/radio/s13/m3bs13p7	1
data/m3b/radio/s04/m3bs04p7	1
data/m3b/labnews/j/radio/m3bjrlp6	1
data/m3b/radio/s16/m3bs16p6	1
data/m3b/labnews/j/nonradio/m3bjnrp3	1
data/m3b/radio/s07/m3bs07p7	1
data/m3b/labnews/r/radio/m3brrlp1	1
data/m3b/labnews/r/nonradio/m3brnrp4	1
data/m3b/radio/s06/m3bs06p2	1
data/m3b/labnews/t/nonradio/m3btnrp2	1
data/m3b/radio/s21/m3bs21p3	1
data/m3b/radio/s15/m3bs15p7	1
data/m3b/radio/s02/m3bs02p4	1
data/m3b/labnews/r/nonradio/m3brnrp3	1
data/m3b/radio/s11/m3bs11p1	1
data/m3b/labnews/p/nonradio/m3bpnrp1	1
data/m3b/radio/s15/m3bs15p5	1
data/m3b/radio/s11/m3bs11p2	1
data/m3b/radio/s03/m3bs03p9	1
data/m3b/radio/s02/m3bs02p3	1
data/m3b/radio/s19/m3bs19p2	1
data/m3b/radio/s10/m3bs10p8	1
data/m3b/labnews/r/radio/m3brrlp5	1
data/m3b/radio/s07/m3bs07pb	1
data/m3b/radio/s16/m3bs16p4	1
data/m3b/radio/s14/m3bs14p3	1
data/m3b/radio/s01/m3bs01p5	1
data/m3b/radio/s09/m3bs09p1	1
data/m3b/radio/s05/m3bs05p8	1
data/m3b/radio/s15/m3bs15p8	1
data/m3b/radio/s10/m3bs10p7	1
data/m3b/radio/s10/m3bs10p6	1
data/m3b/labnews/j/nonradio/m3bjnrp6	1
data/m3b/radio/s13/m3bs13p3	1
data/m3b/labnews/p/nonradio/m3bpnrp3	1
data/m3b/radio/s20/m3bs20p3	1
data/m3b/radio/s04/m3bs04p5	1
data/m3b/radio/s19/m3bs19p4	1
data/m3b/radio/s19/m3bs19p1	1
data/m3b/labnews/r/radio/m3brrlp6	1
data/m3b/radio/s16/m3bs16p2	1
data/m3b/radio/s11/m3bs11p5	1
data/m3b/radio/s12/m3bs12p3	1
data/m3b/radio/s12/m3bs12p7	1
data/m3b/labnews/r/radio/m3brrlp3	1
data/m3b/radio/s08/m3bs08p3	1
data/m3b/radio/s01/m3bs01p4	1
data/m3b/labnews/j/radio/m3bjrlp4	1
data/m3b/labnews/t/radio/m3btrlp3	1
data/m3b/radio/s14/m3bs14p5	1
data/m3b/labnews/t/nonradio/m3btnrp5	1
data/m3b/radio/s05/m3bs05p2	1
data/m3b/radio/s07/m3bs07pa	1
data/m3b/labnews/p/radio/m3bprlp3	1
data/m3b/radio/s06/m3bs06p3	1
data/m3b/radio/s04/m3bs04p3	1
data/m3b/labnews/t/radio/m3btrlp2	1
data/m3b/radio/s18/m3bs18p6	1
data/m3b/radio/s03/m3bs03p7	2
data/m3b/radio/s09/m3bs09p5	2
data/m3b/labnews/t/nonradio/m3btnrp4	2
data/m3b/labnews/t/radio/m3btrlp5	2
data/m3b/labnews/p/radio/m3bprlp1	2
data/m3b/radio/s01/m3bs01p6	2
data/m3b/radio/s09/m3bs09p6	2
data/m3b/labnews/j/radio/m3bjrlp3	2
data/m3b/radio/s09/m3bs09p2	2
data/m3b/radio/s09/m3bs09p3	2
data/m3b/radio/s06/m3bs06p5	2
data/m3b/radio/s18/m3bs18p4	2
data/m3b/radio/s11/m3bs11p3	2
data/m3b/radio/s06/m3bs06p4	2
data/m3b/radio/s02/m3bs02p1	2
data/m3b/labnews/j/radio/m3bjrlp1	2
data/m3b/radio/s16/m3bs16p5	2
data/m3b/radio/s04/m3bs04p2	3
data/m3b/radio/s09/m3bs09p8	3
data/m3b/radio/s19/m3bs19p5	3
data/m3b/radio/s05/m3bs05p5	3
data/m3b/radio/s15/m3bs15p3	3
data/m3b/labnews/j/nonradio/m3bjnrp2	3
data/m3b/radio/s20/m3bs20p2	3
data/m3b/labnews/j/nonradio/m3bjnrp4	3
data/m3b/labnews/t/radio/m3btrlp7	3
data/m3b/radio/s03/m3bs03p8	3
data/m3b/radio/s09/m3bs09p4	3
data/m3b/radio/s07/m3bs07p3	3
data/m3b/radio/s16/m3bs16p3	3
data/m3b/radio/s03/m3bs03p4	3
data/m3b/radio/s14/m3bs14p4	3
data/m3b/radio/s05/m3bs05pa	3
data/m3b/labnews/t/radio/m3btrlp4	3
data/m3b/radio/s20/m3bs20p4	3
data/f1a/radio/s40/f1as40p7	1
data/f1a/radio/s35/f1as35p4	1
data/f1a/radio/s14/f1as14p4	1
data/f1a/radio/s29/f1as29p1	1
data/f1a/labnews/j/radio/f1ajrlp1	1
data/f1a/radio/s17/f1as17p7	1
data/f1a/labnews/p/radio/f1aprlp3	1
data/f1a/radio/s24/f1as24p6	1
data/f1a/radio/s18/f1as18p2	1
data/f1a/radio/s03/f1as03p4	1
data/f1a/radio/s09/f1as09p3	1
data/f1a/radio/s06/f1as06p4	1
data/f1a/radio/s03/f1as03p3	1
data/f1a/radio/s35/f1as35p1	1
data/f1a/labnews/t/radio/f1atrlp5	1
data/f1a/radio/s02/f1as02p3	1
data/f1a/radio/s26/f1as26p1	1
data/f1a/radio/s06/f1as06p3	1
data/f1a/radio/s17/f1as17p4	1
data/f1a/radio/s26/f1as26p5	1
data/f1a/radio/s36/f1as36p2	1
data/f1a/labnews/t/radio/f1atrlp7	1
data/f1a/radio/s11/f1as11p2	1
data/f1a/radio/s25/f1as25p3	1
data/f1a/radio/s18/f1as18p4	1
data/f1a/radio/s06/f1as06p6	1
data/f1a/radio/s23/f1as23p8	1
data/f1a/radio/s21/f1as21p4	1
data/f1a/radio/s24/f1as24p1	1
data/f1a/radio/s31/f1as31p1	1
data/f1a/radio/s09/f1as09p5	1
data/f1a/radio/s39/f1as39p2	1
data/f1a/radio/s06/f1as06p7	1
data/f1a/radio/s41/f1as41p3	1
data/f1a/radio/s28/f1as28p1	1
data/f1a/radio/s20/f1as20p6	1
data/f1a/labnews/j/radio/f1ajrlp3	1
data/f1a/radio/s11/f1as11p1	1
data/f1a/radio/s22/f1as22p3	1
data/f1a/radio/s04/f1as04p3	1
data/f1a/radio/s28/f1as28p3	1
data/f1a/radio/s08/f1as08p1	1
data/f1a/radio/s34/f1as34p2	1
data/f1a/radio/s40/f1as40p3	1
data/f1a/radio/s25/f1as25p2	1
data/f1a/radio/s03/f1as03p5	1
data/f1a/radio/s27/f1as27p5	1
data/f1a/radio/s13/f1as13p4	1
data/f1a/radio/s33/f1as33p2	1
data/f1a/radio/s37/f1as37p1	1
data/f1a/radio/s42/f1as42p7	1
data/f1a/radio/s28/f1as28p5	1
data/f1a/radio/s39/f1as39p7	1
data/f1a/radio/s22/f1as22p5	1
data/f1a/radio/s39/f1as39p1	1
data/f1a/radio/s01/f1as01p3	1
data/f1a/radio/s42/f1as42p1	1
data/f1a/radio/s27/f1as27p2	1
data/f1a/radio/s06/f1as06p2	1
data/f1a/radio/s27/f1as27p7	1
data/f1a/radio/s34/f1as34p5	1
data/f1a/radio/s08/f1as08p5	1
data/f1a/radio/s25/f1as25p5	1
data/f1a/radio/s22/f1as22p4	1
data/f1a/radio/s05/f1as05p2	1
data/f1a/radio/s04/f1as04p4	1
data/f1a/radio/s12/f1as12p3	1
data/f1a/radio/s38/f1as38p7	1
data/f1a/radio/s39/f1as39p5	1
data/f1a/radio/s06/f1as06p1	1
data/f1a/radio/s12/f1as12p6	1
data/f1a/radio/s41/f1as41p1	1
data/f1a/radio/s18/f1as18p6	1
data/f1a/radio/s07/f1as07p3	1
data/f1a/radio/s27/f1as27p6	1
data/f1a/radio/s34/f1as34p1	1
data/f1a/radio/s05/f1as05p3	1
data/f1a/labnews/r/radio/f1arrlp5	1
data/f1a/radio/s40/f1as40p6	1
data/f1a/radio/s23/f1as23p1	1
data/f1a/radio/s26/f1as26p2	1
data/f1a/radio/s36/f1as36p4	1
data/f1a/radio/s23/f1as23p3	1
data/f1a/radio/s41/f1as41p4	1
data/f1a/radio/s38/f1as38p4	1
data/f1a/radio/s21/f1as21p3	1
data/f1a/radio/s11/f1as11p5	1
data/f1a/radio/s43/f1as43p3	1
data/f1a/labnews/r/radio/f1arrlp7	1
data/f1a/radio/s43/f1as43p1	1
data/f1a/radio/s06/f1as06p5	1
data/f1a/radio/s29/f1as29p5	1
data/f1a/radio/s26/f1as26p4	1
data/f1a/radio/s14/f1as14p1	1
data/f1a/radio/s24/f1as24p3	1
data/f1a/radio/s25/f1as25p6	1
data/f1a/radio/s15/f1as15p4	1
data/f1a/labnews/p/radio/f1aprlp4	1
data/f1a/radio/s31/f1as31p5	1
data/f1a/radio/s17/f1as17p2	1
data/f1a/radio/s33/f1as33p3	1
data/f1a/radio/s35/f1as35p6	1
data/f1a/radio/s18/f1as18p8	1
data/f1a/radio/s23/f1as23p6	1
data/f1a/radio/s12/f1as12p2	1
data/f1a/radio/s06/f1as06p9	1
data/f1a/radio/s15/f1as15p6	1
data/f1a/radio/s38/f1as38p3	1
data/f1a/radio/s22/f1as22p7	1
data/f1a/radio/s08/f1as08p2	1
data/f1a/radio/s02/f1as02p1	1
data/f1a/radio/s25/f1as25p7	1
data/f1a/radio/s12/f1as12p4	1
data/f1a/radio/s34/f1as34p6	1
data/f1a/radio/s13/f1as13p5	1
data/f1a/radio/s39/f1as39p6	1
data/f1a/radio/s27/f1as27p3	1
data/f1a/radio/s09/f1as09p1	1
data/f1a/radio/s27/f1as27p4	1
data/f1a/radio/s23/f1as23p5	1
data/f1a/radio/s31/f1as31p2	1
data/f1a/radio/s37/f1as37p7	1
data/f1a/radio/s20/f1as20p8	1
data/f1a/radio/s09/f1as09p2	1
data/f1a/radio/s20/f1as20p2	1
data/f1a/radio/s26/f1as26p7	1
data/f1a/radio/s14/f1as14p7	1
data/f1a/radio/s32/f1as32p6	1
data/f1a/radio/s43/f1as43p7	1
data/f1a/radio/s41/f1as41p2	1
data/f1a/radio/s20/f1as20p4	1
data/f1a/radio/s07/f1as07p2	1
data/f1a/radio/s03/f1as03p1	1
data/f1a/radio/s04/f1as04p5	1
data/f1a/radio/s38/f1as38p5	1
data/f1a/radio/s37/f1as37p3	1
data/f1a/radio/s16/f1as16p2	1
data/f1a/radio/s17/f1as17p3	1
data/f1a/radio/s03/f1as03p2	1
data/f1a/radio/s08/f1as08p4	1
data/f1a/labnews/r/radio/f1arrlp3	1
data/f1a/radio/s43/f1as43p4	1
data/f1a/radio/s12/f1as12p1	1
data/f1a/radio/s21/f1as21p8	1
data/f1a/radio/s16/f1as16p3	1
data/f1a/labnews/t/radio/f1atrlp2	1
data/f1a/radio/s14/f1as14p3	1
data/f1a/radio/s24/f1as24p5	1
data/f1a/radio/s36/f1as36p6	1
data/f1a/radio/s42/f1as42p2	1
data/f1a/radio/s04/f1as04p2	1
data/f1a/radio/s35/f1as35p2	1
data/f1a/radio/s05/f1as05p5	1
data/f1a/radio/s26/f1as26p6	1
data/f1a/radio/s07/f1as07p1	1
data/f1a/radio/s22/f1as22p2	1
data/f1a/radio/s29/f1as29p3	1
data/f1a/radio/s21/f1as21p5	1
data/f1a/radio/s08/f1as08p6	1
data/f1a/radio/s13/f1as13p6	1
data/f1a/radio/s19/f1as19p2	1
data/f1a/labnews/r/radio/f1arrlp4	1
data/f1a/radio/s10/f1as10p2	1
data/f1a/radio/s31/f1as31p4	1
data/f1a/radio/s41/f1as41p5	1
data/f1a/radio/s36/f1as36p1	1
data/f1a/radio/s21/f1as21p2	1
data/f1a/radio/s01/f1as01p1	1
data/f1a/radio/s05/f1as05p4	1
data/f1a/radio/s19/f1as19p5	1
data/f1a/labnews/j/radio/f1ajrlp4	1
data/f1a/radio/s29/f1as29p4	1
data/f1a/radio/s42/f1as42p6	1
data/f1a/radio/s19/f1as19p6	1
data/f1a/radio/s17/f1as17p1	1
data/f1a/radio/s19/f1as19p7	1
data/f1a/radio/s19/f1as19p4	1
data/f1a/radio/s16/f1as16p5	1
data/f1a/radio/s38/f1as38p1	1
data/f1a/radio/s02/f1as02p2	1
data/f1a/radio/s20/f1as20p3	1
data/f1a/radio/s38/f1as38p6	1
data/f1a/radio/s26/f1as26p3	1
data/f1a/radio/s18/f1as18p1	1
data/f1a/radio/s34/f1as34p4	1
data/f1a/radio/s35/f1as35p5	1
data/f1a/labnews/r/radio/f1arrlp1	1
data/f1a/radio/s42/f1as42p5	1
data/f1a/radio/s14/f1as14p5	1
data/f1a/radio/s11/f1as11p3	1
data/f1a/radio/s40/f1as40p5	1
data/f1a/radio/s41/f1as41p6	1
data/f1a/radio/s32/f1as32p3	1
data/f1a/radio/s38/f1as38p2	1
data/f1a/radio/s35/f1as35p3	1
data/f1a/radio/s21/f1as21p1	1
data/f1a/radio/s25/f1as25p4	1
data/f1a/radio/s13/f1as13p2	1
data/f1a/radio/s32/f1as32p5	1
data/f1a/radio/s40/f1as40p2	1
data/f1a/radio/s13/f1as13p7	1
data/f1a/radio/s24/f1as24p2	1
data/f1a/radio/s06/f1as06p8	1
data/f1a/radio/s01/f1as01p2	1
data/f1a/radio/s07/f1as07p4	1
data/f1a/radio/s16/f1as16p1	1
data/f1a/radio/s22/f1as22p1	1
data/f1a/radio/s30/f1as30p3	1
data/f1a/radio/s39/f1as39p3	1
data/f1a/radio/s14/f1as14p8	1
data/f1a/radio/s04/f1as04p6	1
data/f1a/radio/s08/f1as08p3	1
data/f1a/radio/s39/f1as39p8	1
data/f1a/radio/s29/f1as29p2	1
data/f1a/radio/s15/f1as15p1	1
data/f1a/radio/s31/f1as31p3	1
data/f1a/labnews/r/radio/f1arrlp2	1
data/f1a/radio/s13/f1as13p1	1
data/f1a/labnews/t/radio/f1atrlp4	1
data/f1a/radio/s11/f1as11p4	1
data/f1a/radio/s17/f1as17p5	1
data/f1a/radio/s29/f1as29p6	1
data/f1a/radio/s39/f1as39p4	1
data/f1a/radio/s37/f1as37p2	1
data/f1a/radio/s30/f1as30p2	1
data/f1a/labnews/j/radio/f1ajrlp5	1
data/f1a/radio/s23/f1as23p2	1
data/f1a/labnews/j/radio/f1ajrlp6	1
data/f1a/radio/s20/f1as20p1	1
data/f1a/radio/s24/f1as24p4	1
data/f1a/radio/s28/f1as28p7	1
data/f1a/labnews/r/radio/f1arrlp6	1
data/f1a/radio/s37/f1as37p4	1
data/f1a/labnews/p/radio/f1aprlp2	1
data/f1a/radio/s23/f1as23p4	1
data/f1a/radio/s32/f1as32p1	1
data/f1a/radio/s15/f1as15p3	1
data/f1a/radio/s20/f1as20p5	1
data/f1a/radio/s43/f1as43p6	2
data/f1a/radio/s33/f1as33p4	2
data/f1a/radio/s32/f1as32p4	2
data/f1a/radio/s20/f1as20p7	2
data/f1a/radio/s21/f1as21p7	2
data/f1a/radio/s04/f1as04p7	2
data/f1a/radio/s36/f1as36p5	2
data/f1a/radio/s15/f1as15p5	2
data/f1a/radio/s22/f1as22p6	2
data/f1a/radio/s08/f1as08p8	2
data/f1a/radio/s28/f1as28p6	2
data/f1a/labnews/t/radio/f1atrlp6	2
data/f1a/radio/s42/f1as42p3	2
data/f1a/radio/s32/f1as32p2	2
data/f1a/radio/s08/f1as08p7	2
data/f1a/radio/s18/f1as18p7	2
data/f1a/radio/s07/f1as07p5	2
data/f1a/radio/s16/f1as16p4	2
data/f1a/radio/s29/f1as29p7	2
data/f1a/radio/s34/f1as34p3	2
data/f1a/radio/s19/f1as19p3	2
data/f1a/radio/s09/f1as09p6	2
data/f1a/labnews/j/radio/f1ajrlp2	2
data/f1a/radio/s18/f1as18p3	2
data/f1a/radio/s33/f1as33p1	2
data/f1a/radio/s28/f1as28p4	2
data/f1a/radio/s27/f1as27p1	2
data/f1a/radio/s25/f1as25p8	2
data/f1a/radio/s14/f1as14p2	2
data/f1a/radio/s17/f1as17p6	3
data/f1a/radio/s15/f1as15p2	3
data/f1a/radio/s43/f1as43p2	3
data/f1a/radio/s30/f1as30p5	3
data/f1a/labnews/t/radio/f1atrlp3	3
data/f1a/radio/s13/f1as13p3	3
data/f1a/radio/s15/f1as15p7	3
data/f1a/radio/s43/f1as43p5	3
data/f1a/radio/s18/f1as18p5	3
data/f1a/radio/s21/f1as21p6	3
data/f1a/radio/s01/f1as01p4	3
data/f1a/radio/s10/f1as10p1	3
data/f1a/radio/s24/f1as24p7	3
data/f1a/radio/s14/f1as14p6	3
data/f1a/radio/s12/f1as12p5	3
data/f1a/radio/s37/f1as37p5	3
data/f1a/radio/s19/f1as19p1	3
data/f1a/radio/s37/f1as37p6	3
data/f1a/radio/s05/f1as05p1	3
data/f1a/radio/s17/f1as17p8	3
data/f1a/radio/s36/f1as36p3	3
data/f1a/radio/s04/f1as04p1	3
data/f1a/radio/s25/f1as25p1	3
data/f1a/radio/s23/f1as23p7	3
data/f1a/radio/s40/f1as40p4	3
data/f1a/radio/s30/f1as30p4	3
data/f1a/radio/s29/f1as29p8	3
data/f1a/radio/s42/f1as42p4	3
data/f1a/radio/s28/f1as28p2	3
data/f1a/radio/s40/f1as40p1	3
data/f1a/radio/s09/f1as09p4	3
